name,bytes,sha256
audio-high-rate.aiff,1536054,03c4ea2a78dc1280618927843b66a035068ff75744dee370995f09a54b4153be
audio-high-rate.flac,321454,b83476975e98ffa2cf0bfb59a42982f81b262f3b2739406375e36fd790da8360
audio-high-rate.wav,1536044,d64e109867c81fbef878a89cc6bef9b610d1946573b92997782717deaced88e2
audio-large.adts,61919,052a3c9e787db80b2e174bb2a20aeb5afa615b2d1c4ef7c10c24c0ca18e2cf3c
audio-large.aiff,960054,5e228f7771169c0724cb8b5b5df84fcfc4f87bfb60294a0ce07e0a2dd8ab8cee
audio-large.flac,195562,864a8bcb9909aacf7b10e14a19d23cb53ddd69a2b50d3017e7ca075c3c214284
audio-large.mp3,201600,a6ca6bff6c2cb6b5d8e8c18c25fac5f9fca21a37436ab5f8d193ebd071cd4c57
audio-large.mp4,62038,0824d5219632b58b4057e64fe616134ff98b85087394b0f5dcb1d6e432f8e4eb
audio-large.ogg,23694,cc506f507ef5eec63d5ae109191677f41af3799a77077801685438388889afea
audio-large.wav,960044,b3e8e261d3380129d82f96156c71fadce07c176d61686da6497e723372e046f5
audio-large.webm,87677,8a107a345522abe5946305cb3f8b04cd15c331b4dc3df7825aeebd0f66d46be6
audio-long.aiff,5760054,e87c212db08c11daebceae9b26944ec22a6f17dfe8f2c7ceab0f60aeb1282226
audio-long.flac,1171500,29233de35da4092d50085b77c536cb3d423192f94adab1afc8b1153101d0fcc8
audio-long.wav,5760044,52021bbac094910c27596c54789cd4034a9c8602d45aab494ee9b93e29bcbbf3
audio-mono.aiff,441054,c3627842a52a845a929a14368012821c01ce4512e9d74813a3231964c0acc94a
audio-mono.flac,64937,c0bd58b4566b80e5d4de84f72d337f407b66c345ff1e287d470190f02512d332
audio-mono.wav,441044,2493c93092930ac31c703f448d8e2c7dd7f9c6634c204984e94bc0144be958d0
audio-small.adts,1424,9936d7957df5b352874e8c6a01bede533e17d79d7bba86cfc23bb4b55efe0c51
audio-small.aiff,3254,fceffc8237aa7fd55699d6bed1c52072fd52d8bfea665ba21dc5aa300cdcf564
audio-small.flac,1199,fb3c71adf53fed7eef888e8ab8d9ba6bc8b9b00017a77f6fd3e6a748d3f2dd20
audio-small.mp3,2016,af13f06491bcdcf7a3458b140cb6f294b7df508a33bebc921d6b861875158a5d
audio-small.mp4,2233,9c606e5e5e391caf16968a399254aab0ad1f3db63f89c954c4a79bcc220fa43c
audio-small.ogg,3109,e2ca3202d94057c8e84fd421d9ed02a392d799fafd35099e052557cd783676bb
audio-small.wav,3244,f8934a385ffebdaf4749c9a5e525ecf95483b0db94ee858b03efee37f78c5409
audio-small.webm,2798,476d975e1315eb9d20f3b535ba87f910f331b17bb33925e0e01da50d7801faff
audio-surround.aiff,2880054,0a99f2755f010116bd6cdf95e6f09ff7e7d80c72407e2b04c0be6c8c9d8f4c58
audio-surround.flac,759989,4bc91f1f2041d23936a47ea782049977aab50e8185d0b96f80dbaea219d054fe
audio-surround.wav,2880044,e9a3f55a27148ca547c366674608438d4459bf28904950e4a0533c8be671b9fa
image-large-L.jpg,624602,79a5a4daf6abcce92a44da58939763121849a8ef295d9032f3e17d1000e1955e
image-large-RGB.jpg,826522,d4ee9c0d196dd8d972d8c3d33b173d15d67fc0865bbae48f5bdad6fb61259500
image-large.png,2769436,46051e478f1da432204a70b1ca6baa7f7e6f3afb1756ee8528faa0213ca53312
image-small-L.jpg,1024,72c051ec821a8d35e781779d040a686070f511b9a8e1b4b3d005d355fc14ce78
image-small-RGB.jpg,1541,9fadedb249958ca62034c073e47071edf4f7d67ee444a9cb23e8cc1c9e12c8ec
image-small.png,3172,15307ce943aad88fa626f001fdcd4396b81522d591791e1b9f5997ae0e48dec6
video-large.mp4,476083,3498b9a16005dc4fc443bd6e7d7beb17b40f3d731e9fbe7701629f672b15f26b
video-small.mp4,1337,e0672a2bc0c59b2d1915fadbb39a0c8d4b888ce21fbd41dbc225e2a220692060
