case,harness_commit,operation,inputs,backend,runner,rows_per_query,concurrency,threads,ray_cpus,sample_rate,image_mode,transport,http_delay_ms,position,size,repetitions,wall_ms_by_repetition,driver_cpu_ms_by_repetition,whole_process_peak_rss_bytes,http_body_bytes_by_repetition,http_get_requests_by_repetition,http_head_requests_by_repetition,aggregate_results,paired_aggregates_match,vane_version,engine_version,engine_source_id,artifact_sha256,diagnostic_spool_files,diagnostic_spool_written_bytes,diagnostic_spool_peak_live_bytes,diagnostic_spool_live_bytes_at_end,diagnostic_audio_setup_ms,diagnostic_audio_decode_ms,diagnostic_audio_resample_ms,diagnostic_audio_allocation_ms,diagnostic_audio_file_read_ms,diagnostic_audio_file_read_calls,diagnostic_audio_file_bytes_read,diagnostic_audio_decoded_frames,diagnostic_audio_output_frames,diagnostic_audio_output_bytes,diagnostic_audio_buffer_growths,diagnostic_audio_max_buffer_capacity_bytes,codec_version,resampler_version
audio-concurrency-four,c36da3ba45,audio_resample,audio-large.wav,python,local,4,4,1,,16000,,local,0,,,5,76.268875011;72.384789994;69.341512019;67.179674981;65.505307022,200.007992000;199.190866000;189.721250000;180.109249000;174.946434000,323469312,,,,"[[320000],[320000],[320000],[320000]]",True,0.2.0.dev626,v1.5.5-vane.4f215fc6aa,454c70f60b,,16,20480000,4881312,0,,,,,,,,,,,,,,
audio-concurrency-four,c36da3ba45,audio_resample,audio-large.wav,native,local,4,4,1,,16000,,local,0,,,5,170.985109988;171.885515010;167.865872994;168.784537993;152.102257009,658.499210000;654.180220000;609.311956000;609.880439000;586.617526000,323469312,,,,"[[320000],[320000],[320000],[320000]]",True,0.2.0.dev626,v1.5.5-vane.4f215fc6aa,454c70f60b,b67e06664c602bf1095405b3f83a08d60708ddf2aa054a1942d8abe187333cf8,0,0,0,0,4.070705000,592.063340000,55.582866000,8.223041000,2.291309000,272,17457152,3840000,1280000,20480000,36,8388608,4070501,394085
audio-high-rate,c36da3ba45,audio_resample,audio-high-rate.wav,python,local,2,1,1,,16000,,local,0,,,5,26.038440992;21.497114009;21.111626993;21.298348001;21.301878995,22.439857000;21.506625000;21.049524000;21.287974000;21.305999000,236122112,,,,[[32000]],True,0.2.0.dev626,v1.5.5-vane.4f215fc6aa,454c70f60b,,2,2048000,1024000,0,,,,,,,,,,,,,,
audio-high-rate,c36da3ba45,audio_resample,audio-high-rate.wav,native,local,2,1,1,,16000,,local,0,,,5,224.891623016;224.482172984;221.847951005;233.550781995;223.855074000,224.908024000;224.425391000;221.808424000;233.538959000;223.796376000,236122112,,,,[[32000]],True,0.2.0.dev626,v1.5.5-vane.4f215fc6aa,454c70f60b,b67e06664c602bf1095405b3f83a08d60708ddf2aa054a1942d8abe187333cf8,0,0,0,0,0.919209000,306.479321000,14.414387000,1.452535000,0.869180000,28,3334144,192000,32000,2048000,5,2097152,4070501,394085
audio-large-adts,c36da3ba45,audio_resample,audio-large.adts,native,local,4,1,1,,16000,,local,0,,,5,40.237615991;39.710070007;36.474986002;34.085949999;33.703803987,40.241241000;41.331765000;36.444809000;34.083256000;33.676431000,239792128,,,,[[322220]],,0.2.0.dev626,v1.5.5-vane.4f215fc6aa,454c70f60b,b67e06664c602bf1095405b3f83a08d60708ddf2aa054a1942d8abe187333cf8,0,0,0,0,6.830909000,32.596021000,27.252135000,8.440875000,0.059968000,4,247676,966656,322220,5155520,9,8388608,4070501,394085
audio-large-aiff,c36da3ba45,audio_resample,audio-large.aiff,python,local,4,1,1,,16000,,local,0,,,5,35.403610003;36.920215003;37.330007995;37.203167012;36.096586991,35.394720000;36.929453000;37.317604000;37.194959000;36.088884000,246292480,,,,[[320000]],True,0.2.0.dev626,v1.5.5-vane.4f215fc6aa,454c70f60b,,4,5120000,1280000,0,,,,,,,,,,,,,,
audio-large-aiff,c36da3ba45,audio_resample,audio-large.aiff,native,local,4,1,1,,16000,,local,0,,,5,17.037932994;16.616895009;18.658604007;18.510919006;16.645466007,17.028246000;16.608357000;18.654961000;18.503486000;16.637748000,246292480,,,,[[320000]],True,0.2.0.dev626,v1.5.5-vane.4f215fc6aa,454c70f60b,b67e06664c602bf1095405b3f83a08d60708ddf2aa054a1942d8abe187333cf8,0,0,0,0,1.437291000,6.209354000,32.659676000,9.671254000,1.000977000,64,4102144,960000,320000,5120000,9,8388608,4070501,394085
audio-large-flac,c36da3ba45,audio_resample,audio-large.flac,python,local,4,1,1,,16000,,local,0,,,5,49.827345007;49.333125993;48.920620990;53.596520011;53.333419986,49.813924000;49.318992000;48.910012000;52.995840000;53.330513000,247353344,,,,[[320000]],True,0.2.0.dev626,v1.5.5-vane.4f215fc6aa,454c70f60b,,4,5120000,1280000,0,,,,,,,,,,,,,,
audio-large-flac,c36da3ba45,audio_resample,audio-large.flac,native,local,4,1,1,,16000,,local,0,,,5,41.066906997;40.381506988;40.427808999;41.567526001;43.415121996,41.028881000;40.372558000;40.393848000;41.567152000;43.351946000,247353344,,,,[[320000]],True,0.2.0.dev626,v1.5.5-vane.4f215fc6aa,454c70f60b,b67e06664c602bf1095405b3f83a08d60708ddf2aa054a1942d8abe187333cf8,0,0,0,0,2.912495000,47.426259000,25.824428000,7.995045000,0.240388000,12,782248,960000,320000,5120000,9,8388608,4070501,394085
audio-large-mp3,c36da3ba45,audio_resample,audio-large.mp3,python,local,4,1,1,,16000,,local,0,,,5,74.185882986;72.645281994;71.378946013;73.419934022;74.485052988,74.178627000;72.637454000;71.357206000;73.391098000;74.446968000,247394304,,,,[[320000]],True,0.2.0.dev626,v1.5.5-vane.4f215fc6aa,454c70f60b,,4,5120000,1280000,0,,,,,,,,,,,,,,
audio-large-mp3,c36da3ba45,audio_resample,audio-large.mp3,native,local,4,1,1,,16000,,local,0,,,5,51.966619008;52.093275008;48.638106004;48.765738989;48.521660996,51.956744000;52.087462000;48.642319000;48.747200000;48.508152000,247394304,,,,[[320000]],True,0.2.0.dev626,v1.5.5-vane.4f215fc6aa,454c70f60b,b67e06664c602bf1095405b3f83a08d60708ddf2aa054a1942d8abe187333cf8,0,0,0,0,5.718402000,56.447769000,23.602138000,7.356618000,0.294485000,24,1069056,960000,320000,5120000,9,8388608,4070501,394085
audio-large-mp4,c36da3ba45,audio_resample,audio-large.mp4,native,local,4,1,1,,16000,,local,0,,,5,34.636210010;34.674785013;30.732852989;28.368141997;28.807194001,34.633951000;34.669780000;32.481578000;28.346776000;28.801484000,238940160,,,,[[322220]],,0.2.0.dev626,v1.5.5-vane.4f215fc6aa,454c70f60b,b67e06664c602bf1095405b3f83a08d60708ddf2aa054a1942d8abe187333cf8,0,0,0,0,1.896063000,30.124829000,27.975319000,8.594336000,0.063417000,4,248152,966656,322220,5155520,9,8388608,4070501,394085
audio-large-ogg,c36da3ba45,audio_resample,audio-large.ogg,python,local,4,1,1,,16000,,local,0,,,5,53.574646998;54.257746000;53.493751999;55.052660988;55.678920995,53.569823000;54.250236000;53.483041000;55.043448000;55.647175000,248414208,,,,[[320000]],True,0.2.0.dev626,v1.5.5-vane.4f215fc6aa,454c70f60b,,4,5120000,1280000,0,,,,,,,,,,,,,,
audio-large-ogg,c36da3ba45,audio_resample,audio-large.ogg,native,local,4,1,1,,16000,,local,0,,,5,29.307832010;30.106642982;29.433612974;29.071653000;29.180806014,29.300409000;30.115930000;29.438018000;29.075834000;29.185395000,248414208,,,,[[320000]],True,0.2.0.dev626,v1.5.5-vane.4f215fc6aa,454c70f60b,b67e06664c602bf1095405b3f83a08d60708ddf2aa054a1942d8abe187333cf8,0,0,0,0,1.714036000,30.731831000,27.261600000,8.588999000,0.056192000,4,94776,960000,320000,5120000,9,8388608,4070501,394085
audio-large-to-48000,c36da3ba45,audio_resample,audio-large.wav,python,local,4,1,1,,48000,,local,0,,,5,20.018184994;20.321054006;19.273209997;20.331758016;20.029513980,20.003339000;20.289270000;19.262386000;20.306699000;20.016131000,271609856,,,,[[960000]],True,0.2.0.dev626,v1.5.5-vane.4f215fc6aa,454c70f60b,,4,15360000,3840000,0,,,,,,,,,,,,,,
audio-large-to-48000,c36da3ba45,audio_resample,audio-large.wav,native,local,4,1,1,,48000,,local,0,,,5,126.242799975;124.803338986;134.036710020;122.933605016;121.982142999,126.229487000;124.763096000;134.043703000;122.705437000;121.979528000,271609856,,,,[[960000]],True,0.2.0.dev626,v1.5.5-vane.4f215fc6aa,454c70f60b,b67e06664c602bf1095405b3f83a08d60708ddf2aa054a1942d8abe187333cf8,0,0,0,0,1.275801000,159.263114000,9.644022000,10.859976000,0.703361000,68,4364288,960000,960000,15360000,9,16777216,4070501,394085
audio-large-to-8000,c36da3ba45,audio_resample,audio-large.wav,python,local,4,1,1,,8000,,local,0,,,5,28.385630023;29.032046994;28.977002017;27.002011979;27.883431001,28.368968000;29.021269000;28.966093000;26.989738000;27.886774000,238026752,,,,[[160000]],True,0.2.0.dev626,v1.5.5-vane.4f215fc6aa,454c70f60b,,4,2560000,640000,0,,,,,,,,,,,,,,
audio-large-to-8000,c36da3ba45,audio_resample,audio-large.wav,native,local,4,1,1,,8000,,local,0,,,5,133.038277010;140.231815982;133.543762000;134.560061008;132.025193016,133.031508000;140.205543000;133.533130000;134.540347000;131.970109000,238026752,,,,[[160000]],True,0.2.0.dev626,v1.5.5-vane.4f215fc6aa,454c70f60b,b67e06664c602bf1095405b3f83a08d60708ddf2aa054a1942d8abe187333cf8,0,0,0,0,1.392715000,180.220067000,17.646532000,3.062233000,0.715535000,68,4364288,960000,160000,2560000,8,4194304,4070501,394085
audio-large-to-96000,c36da3ba45,audio_resample,audio-large.wav,python,local,4,1,1,,96000,,local,0,,,5,67.830982007;70.027504000;72.207368998;70.036329009;69.362439011,67.823747000;70.024495000;72.197454000;70.033049000;69.361211000,318832640,,,,[[1920000]],True,0.2.0.dev626,v1.5.5-vane.4f215fc6aa,454c70f60b,,4,30720000,7680000,0,,,,,,,,,,,,,,
audio-large-to-96000,c36da3ba45,audio_resample,audio-large.wav,native,local,4,1,1,,96000,,local,0,,,5,149.384784017;148.682836007;163.428792002;155.395683018;148.970135982,149.396738000;148.621477000;163.409327000;155.362977000;148.891342000,318832640,,,,[[1920000]],True,0.2.0.dev626,v1.5.5-vane.4f215fc6aa,454c70f60b,b67e06664c602bf1095405b3f83a08d60708ddf2aa054a1942d8abe187333cf8,0,0,0,0,1.299313000,158.978831000,40.210101000,21.982701000,0.695222000,68,4364288,960000,1920000,30720000,8,33554432,4070501,394085
audio-large-webm,c36da3ba45,audio_resample,audio-large.webm,native,local,4,1,1,,16000,,local,0,,,5,88.294434012;82.745535998;72.681174992;73.228285008;73.438262974,90.255667000;82.721428000;72.674908000;73.160617000;73.429492000,237391872,,,,[[320000]],,0.2.0.dev626,v1.5.5-vane.4f215fc6aa,454c70f60b,b67e06664c602bf1095405b3f83a08d60708ddf2aa054a1942d8abe187333cf8,0,0,0,0,1.150268000,89.421728000,20.718992000,6.817297000,0.079972000,8,350708,960000,320000,5120000,9,8388608,4070501,394085
audio-large,c36da3ba45,audio_resample,audio-large.wav,python,local,4,1,1,,16000,,local,0,,,5,34.739611001;34.524425981;37.331217987;34.859837004;34.413674002,34.730688000;34.512640000;37.343431000;34.846956000;34.402662000,246235136,,,,[[320000]],True,0.2.0.dev626,v1.5.5-vane.4f215fc6aa,454c70f60b,,4,5120000,1280000,0,,,,,,,,,,,,,,
audio-large,c36da3ba45,audio_resample,audio-large.wav,native,local,4,1,1,,16000,,local,0,,,5,131.921708002;131.352211989;142.492448009;131.730330992;131.252139981,131.906116000;131.314368000;142.495385000;131.690018000;131.234571000,246235136,,,,[[320000]],True,0.2.0.dev626,v1.5.5-vane.4f215fc6aa,454c70f60b,b67e06664c602bf1095405b3f83a08d60708ddf2aa054a1942d8abe187333cf8,0,0,0,0,1.308728000,160.996801000,15.533819000,5.424285000,0.658554000,68,4364288,960000,320000,5120000,9,8388608,4070501,394085
audio-long,c36da3ba45,audio_resample,audio-long.wav,python,local,2,1,1,,16000,,local,0,,,5,89.793666994;83.433173015;82.500026008;84.069529024;81.425538985,89.787607000;83.399466000;82.492789000;84.047382000;81.419448000,269697024,,,,[[960000]],True,0.2.0.dev626,v1.5.5-vane.4f215fc6aa,454c70f60b,,2,15360000,7680000,0,,,,,,,,,,,,,,
audio-long,c36da3ba45,audio_resample,audio-long.wav,native,local,2,1,1,,16000,,local,0,,,5,109.050305997;100.266730005;101.053445978;99.892975006;101.279452007,109.045542000;100.266818000;101.003191000;99.864984000;101.262240000,269697024,,,,[[960000]],True,0.2.0.dev626,v1.5.5-vane.4f215fc6aa,454c70f60b,b67e06664c602bf1095405b3f83a08d60708ddf2aa054a1942d8abe187333cf8,0,0,0,0,0.982482000,110.347387000,52.006887000,12.346144000,2.541612000,180,11782144,2880000,960000,15360000,10,16777216,4070501,394085
audio-metadata-mixed,c36da3ba45,audio_metadata,audio-large.wav;audio-large.flac;audio-large.aiff;audio-large.mp3;audio-large.ogg,python,local,20,1,1,,16000,,local,0,,,5,10.799520998;10.709069000;10.737914010;10.898027016;10.490544984,10.796543000;10.998625000;10.735994000;10.892421000;10.494980000,229691392,,,,[[960000]],True,0.2.0.dev626,v1.5.5-vane.4f215fc6aa,454c70f60b,,0,0,0,0,,,,,,,,,,,,,,
audio-metadata-mixed,c36da3ba45,audio_metadata,audio-large.wav;audio-large.flac;audio-large.aiff;audio-large.mp3;audio-large.ogg,native,local,20,1,1,,16000,,local,0,,,5,9.620039986;9.729726007;9.610679990;9.545515000;8.378851024,9.619143000;11.337072000;9.616469000;9.539797000;8.371495000,229691392,,,,[[960000]],True,0.2.0.dev626,v1.5.5-vane.4f215fc6aa,454c70f60b,b67e06664c602bf1095405b3f83a08d60708ddf2aa054a1942d8abe187333cf8,0,0,0,0,,,,,,,,,,,,,,
audio-mono,c36da3ba45,audio_resample,audio-mono.wav,python,local,4,1,1,,16000,,local,0,,,5,22.186563001;20.061679010;19.526809978;18.686101015;18.571916997,22.149966000;20.072403000;19.518460000;18.681307000;18.562622000,237400064,,,,[[320000]],True,0.2.0.dev626,v1.5.5-vane.4f215fc6aa,454c70f60b,,4,2560000,640000,0,,,,,,,,,,,,,,
audio-mono,c36da3ba45,audio_resample,audio-mono.wav,native,local,4,1,1,,16000,,local,0,,,5,67.402532004;71.231640002;70.130209991;67.152806994;67.123638000,67.372079000;71.238991000;70.133214000;67.143513000;67.100926000,237400064,,,,[[320000]],True,0.2.0.dev626,v1.5.5-vane.4f215fc6aa,454c70f60b,b67e06664c602bf1095405b3f83a08d60708ddf2aa054a1942d8abe187333cf8,0,0,0,0,1.544324000,99.928606000,12.451597000,3.395423000,0.476186000,36,2288288,882000,320000,2560000,8,4194304,4070501,394085
audio-ray-concurrency-1,d5e97ba432,audio_resample,audio-large.wav,python,ray,4,1,1,4,16000,,local,0,,,3,472.986907989;497.435711994;469.591561996,56.785205000;66.108305000;67.517027000,275308544,,,,[[320000]],True,0.2.0.dev626,v1.5.5-vane.4f215fc6aa,454c70f60b,,,,,,,,,,,,,,,,,,,
audio-ray-concurrency-1,d5e97ba432,audio_resample,audio-large.wav,native,ray,4,1,1,4,16000,,local,0,,,3,2560.340158991;2466.215388005;2577.851501992,67.622800000;71.147123000;77.315979000,275308544,,,,[[320000]],True,0.2.0.dev626,v1.5.5-vane.4f215fc6aa,454c70f60b,3d9f10343aab0a3d77737c375be2919bf8145b4b5e5fa269bcea8257cd301b4d,,,,,,,,,,,,,,,,,,
audio-ray-concurrency-4,d5e97ba432,audio_resample,audio-large.wav,python,ray,4,4,1,4,16000,,local,0,,,3,744.832759025;683.821323997;683.012950001,242.600856000;208.793291000;247.852069000,317046784,,,,"[[320000],[320000],[320000],[320000]]",True,0.2.0.dev626,v1.5.5-vane.4f215fc6aa,454c70f60b,,,,,,,,,,,,,,,,,,,
audio-ray-concurrency-4,d5e97ba432,audio_resample,audio-large.wav,native,ray,4,4,1,4,16000,,local,0,,,3,3138.518457999;3049.657069001;3068.107633007,238.338888000;259.765889000;259.697174000,317046784,,,,"[[320000],[320000],[320000],[320000]]",True,0.2.0.dev626,v1.5.5-vane.4f215fc6aa,454c70f60b,3d9f10343aab0a3d77737c375be2919bf8145b4b5e5fa269bcea8257cd301b4d,,,,,,,,,,,,,,,,,,
audio-small,c36da3ba45,audio_resample,audio-small.wav,python,local,32,1,1,,16000,,local,0,,,5,27.486862993;23.059433996;22.443689988;22.976503999;23.204110999,27.333630000;23.051034000;22.397181000;22.983128000;23.185403000,230916096,,,,[[51200]],True,0.2.0.dev626,v1.5.5-vane.4f215fc6aa,454c70f60b,,32,819200,25600,0,,,,,,,,,,,,,,
audio-small,c36da3ba45,audio_resample,audio-small.wav,native,local,32,1,1,,16000,,local,0,,,5,17.301936023;15.405897982;15.575664991;15.095112001;15.569951007,17.298189000;15.399201000;15.568668000;15.087267000;15.562708000,230916096,,,,[[51200]],True,0.2.0.dev626,v1.5.5-vane.4f215fc6aa,454c70f60b,b67e06664c602bf1095405b3f83a08d60708ddf2aa054a1942d8abe187333cf8,0,0,0,0,9.273376000,15.350387000,3.795088000,1.397299000,0.168263000,32,103808,25600,51200,819200,6,1048576,4070501,394085
audio-surround,c36da3ba45,audio_resample,audio-surround.wav,python,local,2,1,1,,16000,,local,0,,,5,40.060076019;42.913671001;43.302392005;40.111579990;39.343484998,40.033628000;42.923091000;43.270058000;40.105486000;39.307872000,250388480,,,,[[160000]],True,0.2.0.dev626,v1.5.5-vane.4f215fc6aa,454c70f60b,,2,7680000,3840000,0,,,,,,,,,,,,,,
audio-surround,c36da3ba45,audio_resample,audio-surround.wav,native,local,2,1,1,,16000,,local,0,,,5,248.971947993;250.232777995;252.476786001;253.762343986;248.859640997,248.944948000;250.179764000;252.406157000;253.704212000;248.767998000,250388480,,,,[[160000]],True,0.2.0.dev626,v1.5.5-vane.4f215fc6aa,454c70f60b,b67e06664c602bf1095405b3f83a08d60708ddf2aa054a1942d8abe187333cf8,0,0,0,0,0.707650000,341.116499000,27.066161000,5.723612000,0.991387000,92,6022144,480000,160000,7680000,7,8388608,4070501,394085
audio_resample-http-0,c36da3ba45,audio_resample,audio-large.wav,python,local,4,1,1,,16000,,http,0.0,,,3,538.977427001;533.526531974;652.038228989,236.460866000;247.080405000;339.305995000,248029184,3840192;3840192;3840192,520;520;520,1;1;1,[[320000]],True,0.2.0.dev626,v1.5.5-vane.4f215fc6aa,454c70f60b,,4,5120000,1280000,0,,,,,,,,,,,,,,
audio_resample-http-0,c36da3ba45,audio_resample,audio-large.wav,native,local,4,1,1,,16000,,http,0.0,,,3,247.519248020;239.952789008;251.620827010,202.347415000;196.758113000;209.932303000,248029184,4364288;4364288;4364288,68;68;68,1;1;1,[[320000]],True,0.2.0.dev626,v1.5.5-vane.4f215fc6aa,454c70f60b,b67e06664c602bf1095405b3f83a08d60708ddf2aa054a1942d8abe187333cf8,0,0,0,0,9.978909000,224.740958000,18.142075000,6.176101000,64.788411000,68,4364288,960000,320000,5120000,9,8388608,4070501,394085
audio_resample-http-5,c36da3ba45,audio_resample,audio-large.wav,python,local,4,1,1,,16000,,http,5.0,,,3,3362.838506000;3367.243779998;3417.669805000,335.045108000;336.993583000;396.571627000,248848384,3840192;3840192;3840192,520;520;520,1;1;1,[[320000]],True,0.2.0.dev626,v1.5.5-vane.4f215fc6aa,454c70f60b,,4,5120000,1280000,0,,,,,,,,,,,,,,
audio_resample-http-5,c36da3ba45,audio_resample,audio-large.wav,native,local,4,1,1,,16000,,http,5.0,,,3,713.681216002;712.895631994;732.731177006,314.963994000;311.294770000;332.022622000,248848384,4364288;4364288;4364288,68;68;68,1;1;1,[[320000]],True,0.2.0.dev626,v1.5.5-vane.4f215fc6aa,454c70f60b,b67e06664c602bf1095405b3f83a08d60708ddf2aa054a1942d8abe187333cf8,0,0,0,0,60.639119000,655.786494000,25.522247000,8.542936000,440.650055000,68,4364288,960000,320000,5120000,9,8388608,4070501,394085
audio_resample-rss-native,c36da3ba45,audio_resample,audio-large.wav,native,local,8,1,1,,16000,,local,0,,,5,271.172671986;262.497396005;261.701494019;261.460120004;274.758173007,271.118989000;262.453052000;261.642604000;261.435070000;274.702366000,252211200,,,,[[640000]],,0.2.0.dev626,v1.5.5-vane.4f215fc6aa,454c70f60b,b67e06664c602bf1095405b3f83a08d60708ddf2aa054a1942d8abe187333cf8,0,0,0,0,2.245194000,335.897521000,34.751393000,11.988155000,1.256845000,136,8728576,1920000,640000,10240000,10,16777216,4070501,394085
audio_resample-rss-python,c36da3ba45,audio_resample,audio-large.wav,python,local,8,1,1,,16000,,local,0,,,5,66.511440004;60.750025994;69.332487998;70.416050992;70.772759995,62.085451000;60.716783000;69.312228000;70.426096000;70.824951000,235741184,,,,[[640000]],,0.2.0.dev626,v1.5.5-vane.4f215fc6aa,454c70f60b,,8,10240000,1280000,0,,,,,,,,,,,,,,
before-audio-large,c36da3ba45,audio_resample,audio-large.wav,python,local,4,1,1,,16000,,local,0,,,5,37.750722986;37.971868005;39.700355992;36.793099018;36.679148994,37.750400000;37.954507000;39.692566000;36.795450000;36.669017000,245944320,,,,[[320000]],True,0.2.0.dev627,v1.5.5-vane.eabaf1a6fb,d0db5a3a29,,,,,,,,,,,,,,,,,,,
before-audio-large,c36da3ba45,audio_resample,audio-large.wav,native,local,4,1,1,,16000,,local,0,,,5,136.026030028;135.948092007;141.837243020;134.194781014;134.156761022,135.923675000;135.926743000;141.835403000;134.171607000;134.120718000,245944320,,,,[[320000]],True,0.2.0.dev627,v1.5.5-vane.eabaf1a6fb,d0db5a3a29,eac51da1d65bd7c03f2ccab6732b27af8d8b1df96f29291fb01e5d9a704cefe3,,,,,,,,,,,,,,,,,,
before-image-large,c36da3ba45,image_decode,image-large.png,python,local,8,1,1,,,RGB,local,0,,,5,171.016709995;173.356971005;174.024159001;175.151172007;178.771445993,170.992505000;173.347976000;173.998048000;174.563283000;178.767657000,262598656,,,,[[22118400]],True,0.2.0.dev627,v1.5.5-vane.eabaf1a6fb,d0db5a3a29,,,,,,,,,,,,,,,,,,,
before-image-large,c36da3ba45,image_decode,image-large.png,native,local,8,1,1,,,RGB,local,0,,,5,114.025869989;114.288420998;114.513792010;113.226410002;114.277187997,114.010272000;114.241769000;114.493824000;113.197040000;114.272307000,262598656,,,,[[22118400]],True,0.2.0.dev627,v1.5.5-vane.eabaf1a6fb,d0db5a3a29,20d8034c43733ab2dcdd89a48b8bc29a07cc5cebe292e0231e6b26ea0565e662,,,,,,,,,,,,,,,,,,
image-concurrency-four,c36da3ba45,image_decode,image-large.png,python,local,8,4,1,,,RGB,local,0,,,5,252.637708996;221.835479024;222.312439000;222.303078015;225.646954990,877.856952000;778.585076000;782.815477000;779.627406000;781.809062000,378548224,,,,"[[22118400],[22118400],[22118400],[22118400]]",True,0.2.0.dev626,v1.5.5-vane.4f215fc6aa,454c70f60b,,32,88473600,10391552,0,,,,,,,,,,,,,,
image-concurrency-four,c36da3ba45,image_decode,image-large.png,native,local,8,4,1,,,RGB,local,0,,,5,148.089363007;145.964310999;128.553118004;127.760717005;128.539893980,567.751791000;554.433562000;511.602791000;509.338506000;512.220434000,378548224,,,,"[[22118400],[22118400],[22118400],[22118400]]",True,0.2.0.dev626,v1.5.5-vane.4f215fc6aa,454c70f60b,32a34d0d3db4cc97fe17049b3f940b7a884468a981b169e3a8a48a1abdf06867,0,0,0,0,,,,,,,,,,,,,,
image-decode-image-large-L.jpg,c36da3ba45,image_decode,image-large-L.jpg,python,local,8,1,1,,,RGB,local,0,,,5,98.925878992;95.887369011;96.597121010;104.013446020;97.389328992,98.870279000;95.859084000;96.591327000;104.009969000;97.383196000,264962048,,,,[[22118400]],True,0.2.0.dev626,v1.5.5-vane.4f215fc6aa,454c70f60b,,8,22118400,2764800,0,,,,,,,,,,,,,,
image-decode-image-large-L.jpg,c36da3ba45,image_decode,image-large-L.jpg,native,local,8,1,1,,,RGB,local,0,,,5,94.911245018;93.646692985;94.252160983;96.774164995;95.181862998,94.872160000;93.619488000;94.244060000;96.730471000;94.516185000,264962048,,,,[[22118400]],True,0.2.0.dev626,v1.5.5-vane.4f215fc6aa,454c70f60b,32a34d0d3db4cc97fe17049b3f940b7a884468a981b169e3a8a48a1abdf06867,0,0,0,0,,,,,,,,,,,,,,
image-decode-image-large-RGB.jpg,c36da3ba45,image_decode,image-large-RGB.jpg,python,local,8,1,1,,,RGB,local,0,,,5,125.370082009;118.494681985;118.857405992;118.106703012;126.234292984,125.345195000;117.901045000;118.840908000;118.073180000;126.230751000,263155712,,,,[[22118400]],True,0.2.0.dev626,v1.5.5-vane.4f215fc6aa,454c70f60b,,8,22118400,2764800,0,,,,,,,,,,,,,,
image-decode-image-large-RGB.jpg,c36da3ba45,image_decode,image-large-RGB.jpg,native,local,8,1,1,,,RGB,local,0,,,5,120.378042979;120.009945007;120.332330000;119.862719002;122.656727995,120.350555000;119.993043000;120.286162000;119.821588000;122.602836000,263155712,,,,[[22118400]],True,0.2.0.dev626,v1.5.5-vane.4f215fc6aa,454c70f60b,32a34d0d3db4cc97fe17049b3f940b7a884468a981b169e3a8a48a1abdf06867,0,0,0,0,,,,,,,,,,,,,,
image-decode-image-large.png,c36da3ba45,image_decode,image-large.png,python,local,8,1,1,,,RGB,local,0,,,5,170.061477023;181.624170014;183.175427024;169.556745008;169.106179994,170.055865000;181.626678000;183.174640000;169.479372000;168.833074000,262307840,,,,[[22118400]],True,0.2.0.dev626,v1.5.5-vane.4f215fc6aa,454c70f60b,,8,22118400,2764800,0,,,,,,,,,,,,,,
image-decode-image-large.png,c36da3ba45,image_decode,image-large.png,native,local,8,1,1,,,RGB,local,0,,,5,113.939868985;119.930097018;114.313066995;113.427842996;114.165840991,113.933222000;119.306072000;114.309606000;113.420440000;114.150988000,262307840,,,,[[22118400]],True,0.2.0.dev626,v1.5.5-vane.4f215fc6aa,454c70f60b,32a34d0d3db4cc97fe17049b3f940b7a884468a981b169e3a8a48a1abdf06867,0,0,0,0,,,,,,,,,,,,,,
image-decode-small,c36da3ba45,image_decode,image-small.png;image-small-RGB.jpg;image-small-L.jpg,python,local,96,1,1,,,RGB,local,0,,,5,41.777292005;41.611091001;40.394428011;40.400433005;39.501752995,41.774030000;41.592164000;40.373528000;40.395625000;39.497725000,232824832,,,,[[294912]],True,0.2.0.dev626,v1.5.5-vane.4f215fc6aa,454c70f60b,,96,294912,3072,0,,,,,,,,,,,,,,
image-decode-small,c36da3ba45,image_decode,image-small.png;image-small-RGB.jpg;image-small-L.jpg,native,local,96,1,1,,,RGB,local,0,,,5,23.812772008;24.083567987;22.634997003;22.521424980;22.173089004,23.823956000;24.106616000;22.624015000;22.521174000;22.182676000,232824832,,,,[[294912]],True,0.2.0.dev626,v1.5.5-vane.4f215fc6aa,454c70f60b,32a34d0d3db4cc97fe17049b3f940b7a884468a981b169e3a8a48a1abdf06867,0,0,0,0,,,,,,,,,,,,,,
image-metadata-large,c36da3ba45,image_metadata,image-large.png;image-large-RGB.jpg;image-large-L.jpg,python,local,12,1,1,,,,local,0,,,5,6.136918993;6.039731990;6.080436986;6.024248985;6.049190008,6.131786000;6.038324000;7.661560000;6.013677000;6.040190000,227250176,,,,[[15360]],True,0.2.0.dev626,v1.5.5-vane.4f215fc6aa,454c70f60b,,0,0,0,0,,,,,,,,,,,,,,
image-metadata-large,c36da3ba45,image_metadata,image-large.png;image-large-RGB.jpg;image-large-L.jpg,native,local,12,1,1,,,,local,0,,,5,1.859869022;1.776704012;1.842057012;1.858433010;1.854218019,1.859463000;1.778677000;1.837306000;1.851307000;1.848581000,227250176,,,,[[15360]],True,0.2.0.dev626,v1.5.5-vane.4f215fc6aa,454c70f60b,32a34d0d3db4cc97fe17049b3f940b7a884468a981b169e3a8a48a1abdf06867,0,0,0,0,,,,,,,,,,,,,,
image-metadata-small,c36da3ba45,image_metadata,image-small.png;image-small-RGB.jpg;image-small-L.jpg,python,local,96,1,1,,,,local,0,,,5,16.884454992;16.817185999;16.871921020;15.052694973;13.903593004,16.881082000;16.804772000;16.865070000;15.042014000;13.892287000,225460224,,,,[[3072]],True,0.2.0.dev626,v1.5.5-vane.4f215fc6aa,454c70f60b,,0,0,0,0,,,,,,,,,,,,,,
image-metadata-small,c36da3ba45,image_metadata,image-small.png;image-small-RGB.jpg;image-small-L.jpg,native,local,96,1,1,,,,local,0,,,5,3.452515986;3.467527014;3.536119999;2.864023001;2.798056026,3.443684000;3.467953000;3.529821000;2.853930000;2.786181000,225460224,,,,[[3072]],True,0.2.0.dev626,v1.5.5-vane.4f215fc6aa,454c70f60b,32a34d0d3db4cc97fe17049b3f940b7a884468a981b169e3a8a48a1abdf06867,0,0,0,0,,,,,,,,,,,,,,
image-ray-concurrency-1,d5e97ba432,image_decode,image-large.png,python,ray,8,1,1,4,,RGB,local,0,,,3,673.472408002;679.724427988;689.730226004,67.171072000;67.064553000;67.060610000,276574208,,,,[[22118400]],True,0.2.0.dev626,v1.5.5-vane.4f215fc6aa,454c70f60b,,,,,,,,,,,,,,,,,,,
image-ray-concurrency-1,d5e97ba432,image_decode,image-large.png,native,ray,8,1,1,4,,RGB,local,0,,,3,2611.989352008;2643.303629011;2669.849704020,75.549807000;77.755026000;77.003948000,276574208,,,,[[22118400]],True,0.2.0.dev626,v1.5.5-vane.4f215fc6aa,454c70f60b,399157be2d497ccac9de4807f31fb2d2503734d3e133459cfcd35b9eee756cf9,,,,,,,,,,,,,,,,,,
image-ray-concurrency-4,6834436e4e,image_decode,image-large.png,python,ray,8,4,1,4,,RGB,local,0,,,3,935.694397980;875.605617010;884.220709006,253.074681000;256.458596000;259.993862000,316895232,,,,"[[22118400],[22118400],[22118400],[22118400]]",True,0.2.0.dev626,v1.5.5-vane.4f215fc6aa,454c70f60b,,,,,,,,,,,,,,,,,,,
image-ray-concurrency-4,6834436e4e,image_decode,image-large.png,native,ray,8,4,1,4,,RGB,local,0,,,3,3121.425668010;3044.009170000;3135.943433008,261.360922000;261.967876000;248.707489000,316895232,,,,"[[22118400],[22118400],[22118400],[22118400]]",True,0.2.0.dev626,v1.5.5-vane.4f215fc6aa,454c70f60b,399157be2d497ccac9de4807f31fb2d2503734d3e133459cfcd35b9eee756cf9,,,,,,,,,,,,,,,,,,
image_decode-http-0,c36da3ba45,image_decode,image-large.png,python,local,4,1,1,,,RGB,http,0.0,,,3,583.569515002;562.366497004;556.231800001,260.964064000;242.863221000;243.776498000,253009920,11077792;11077792;11077792,540;540;540,1;1;1,[[11059200]],True,0.2.0.dev626,v1.5.5-vane.4f215fc6aa,454c70f60b,,4,11059200,2764800,0,,,,,,,,,,,,,,
image_decode-http-0,c36da3ba45,image_decode,image-large.png,native,local,4,1,1,,,RGB,http,0.0,,,3,88.630943996;87.846251001;90.282177989,75.769447000;75.007555000;77.144481000,253009920,11077876;11077876;11077876,16;16;16,1;1;1,[[11059200]],True,0.2.0.dev626,v1.5.5-vane.4f215fc6aa,454c70f60b,32a34d0d3db4cc97fe17049b3f940b7a884468a981b169e3a8a48a1abdf06867,0,0,0,0,,,,,,,,,,,,,,
image_decode-http-5,c36da3ba45,image_decode,image-large.png,python,local,4,1,1,,,RGB,http,5.0,,,3,3547.801640991;3577.188591997;3609.058839997,392.428202000;418.705198000;459.639448000,252846080,11077792;11077792;11077792,540;540;540,1;1;1,[[11059200]],True,0.2.0.dev626,v1.5.5-vane.4f215fc6aa,454c70f60b,,4,11059200,2764800,0,,,,,,,,,,,,,,
image_decode-http-5,c36da3ba45,image_decode,image-large.png,native,local,4,1,1,,,RGB,http,5.0,,,3,216.214982007;213.975499006;204.283361003,114.081110000;112.223360000;102.355321000,252846080,11077876;11077876;11077876,16;16;16,1;1;1,[[11059200]],True,0.2.0.dev626,v1.5.5-vane.4f215fc6aa,454c70f60b,32a34d0d3db4cc97fe17049b3f940b7a884468a981b169e3a8a48a1abdf06867,0,0,0,0,,,,,,,,,,,,,,
image_decode-rss-native,c36da3ba45,image_decode,image-large.png,native,local,8,1,1,,,RGB,local,0,,,5,141.155468009;140.157643007;140.415275004;140.602742002;140.764438984,141.146193000;140.139060000;140.392937000;139.955389000;140.761310000,254705664,,,,[[22118400]],,0.2.0.dev626,v1.5.5-vane.4f215fc6aa,454c70f60b,32a34d0d3db4cc97fe17049b3f940b7a884468a981b169e3a8a48a1abdf06867,0,0,0,0,,,,,,,,,,,,,,
image_decode-rss-python,c36da3ba45,image_decode,image-large.png,python,local,8,1,1,,,RGB,local,0,,,5,173.416936013;169.533562992;169.641005981;171.888323006;177.885100013,173.380596000;169.472250000;169.609822000;171.840929000;177.891339000,242941952,,,,[[22118400]],,0.2.0.dev626,v1.5.5-vane.4f215fc6aa,454c70f60b,,8,22118400,2764800,0,,,,,,,,,,,,,,
image_metadata-http-0,c36da3ba45,image_metadata,image-large.png,python,local,20,1,1,,,,http,0.0,,,3,86.701421998;90.180592000;90.013137989,70.386248000;72.826702000;72.274299000,231182336,20971520;20971520;20971520,20;20;20,1;1;1,[[25600]],True,0.2.0.dev626,v1.5.5-vane.4f215fc6aa,454c70f60b,,0,0,0,0,,,,,,,,,,,,,,
image_metadata-http-0,c36da3ba45,image_metadata,image-large.png,native,local,20,1,1,,,,http,0.0,,,3,39.328488987;38.831493002;42.669215007,15.047031000;15.471009000;17.485196000,231182336,660;660;660,40;40;40,1;1;1,[[25600]],True,0.2.0.dev626,v1.5.5-vane.4f215fc6aa,454c70f60b,32a34d0d3db4cc97fe17049b3f940b7a884468a981b169e3a8a48a1abdf06867,0,0,0,0,,,,,,,,,,,,,,
image_metadata-http-5,c36da3ba45,image_metadata,image-large.png,python,local,20,1,1,,,,http,5.0,,,3,214.872611978;215.615741996;209.360140987,86.613563000;86.152050000;81.377107000,231247872,20971520;20971520;20971520,20;20;20,1;1;1,[[25600]],True,0.2.0.dev626,v1.5.5-vane.4f215fc6aa,454c70f60b,,0,0,0,0,,,,,,,,,,,,,,
image_metadata-http-5,c36da3ba45,image_metadata,image-large.png,native,local,20,1,1,,,,http,5.0,,,3,257.532851974;262.513321009;259.982255986,20.972093000;22.452906000;21.803722000,231247872,660;660;660,40;40;40,1;1;1,[[25600]],True,0.2.0.dev626,v1.5.5-vane.4f215fc6aa,454c70f60b,32a34d0d3db4cc97fe17049b3f940b7a884468a981b169e3a8a48a1abdf06867,0,0,0,0,,,,,,,,,,,,,,
